{
  "openapi": "3.0.1",
  "info": {
    "title": "OpenAPI definition",
    "version": "v0"
  },
  "servers": [
    {
      "url": "http://localhost:8080",
      "description": "Generated server url"
    }
  ],
  "paths": {
    "/api/library-branches/{id}": {
      "get": {
        "tags": [
          "library-branches-controller"
        ],
        "operationId": "getBranch",
        "parameters": [
          {
            "name": "id",
            "in": "path",
            "required": true,
            "schema": {
              "type": "integer",
              "format": "int32"
            }
          }
        ],
        "responses": {
          "200": {
            "description": "OK",
            "content": {
              "*/*": {
                "schema": {
                  "type": "string"
                }
              }
            }
          }
        }
      },
      "put": {
        "tags": [
          "library-branches-controller"
        ],
        "operationId": "updateBranch",
        "parameters": [
          {
            "name": "id",
            "in": "path",
            "required": true,
            "schema": {
              "type": "integer",
              "format": "int32"
            }
          }
        ],
        "requestBody": {
          "content": {
            "application/json": {
              "schema": {
                "$ref": "#/components/schemas/LibraryBranch"
              }
            }
          },
          "required": true
        },
        "responses": {
          "200": {
            "description": "OK",
            "content": {
              "*/*": {
                "schema": {
                  "type": "string"
                }
              }
            }
          }
        }
      },
      "delete": {
        "tags": [
          "library-branches-controller"
        ],
        "operationId": "deleteBranch",
        "parameters": [
          {
            "name": "id",
            "in": "path",
            "required": true,
            "schema": {
              "type": "integer",
              "format": "int32"
            }
          }
        ],
        "responses": {
          "200": {
            "description": "OK",
            "content": {
              "*/*": {
                "schema": {
                  "type": "string"
                }
              }
            }
          }
        }
      }
    },
    "/api/genres/{id}": {
      "get": {
        "tags": [
          "genre-controller"
        ],
        "operationId": "getGenre",
        "parameters": [
          {
            "name": "id",
            "in": "path",
            "required": true,
            "schema": {
              "type": "integer",
              "format": "int32"
            }
          }
        ],
        "responses": {
          "200": {
            "description": "OK",
            "content": {
              "*/*": {
                "schema": {
                  "type": "string"
                }
              }
            }
          }
        }
      },
      "put": {
        "tags": [
          "genre-controller"
        ],
        "operationId": "updateGenreBook",
        "parameters": [
          {
            "name": "id",
            "in": "path",
            "required": true,
            "schema": {
              "type": "integer",
              "format": "int32"
            }
          }
        ],
        "requestBody": {
          "content": {
            "application/json": {
              "schema": {
                "$ref": "#/components/schemas/Genre"
              }
            }
          },
          "required": true
        },
        "responses": {
          "200": {
            "description": "OK",
            "content": {
              "*/*": {
                "schema": {
                  "type": "string"
                }
              }
            }
          }
        }
      },
      "delete": {
        "tags": [
          "genre-controller"
        ],
        "operationId": "deleteBook",
        "parameters": [
          {
            "name": "id",
            "in": "path",
            "required": true,
            "schema": {
              "type": "integer",
              "format": "int32"
            }
          }
        ],
        "responses": {
          "200": {
            "description": "OK",
            "content": {
              "*/*": {
                "schema": {
                  "type": "string"
                }
              }
            }
          }
        }
      }
    },
    "/api/borrowers/{id}": {
      "get": {
        "tags": [
          "borrower-controller"
        ],
        "operationId": "getBorrower",
        "parameters": [
          {
            "name": "id",
            "in": "path",
            "required": true,
            "schema": {
              "type": "integer",
              "format": "int32"
            }
          }
        ],
        "responses": {
          "200": {
            "description": "OK",
            "content": {
              "*/*": {
                "schema": {
                  "type": "string"
                }
              }
            }
          }
        }
      },
      "put": {
        "tags": [
          "borrower-controller"
        ],
        "operationId": "updateBorrower",
        "parameters": [
          {
            "name": "id",
            "in": "path",
            "required": true,
            "schema": {
              "type": "integer",
              "format": "int32"
            }
          }
        ],
        "requestBody": {
          "content": {
            "application/json": {
              "schema": {
                "$ref": "#/components/schemas/Borrower"
              }
            }
          },
          "required": true
        },
        "responses": {
          "200": {
            "description": "OK",
            "content": {
              "*/*": {
                "schema": {
                  "type": "string"
                }
              }
            }
          }
        }
      },
      "delete": {
        "tags": [
          "borrower-controller"
        ],
        "operationId": "deleteBorrower",
        "parameters": [
          {
            "name": "id",
            "in": "path",
            "required": true,
            "schema": {
              "type": "integer",
              "format": "int32"
            }
          }
        ],
        "responses": {
          "200": {
            "description": "OK",
            "content": {
              "*/*": {
                "schema": {
                  "type": "string"
                }
              }
            }
          }
        }
      }
    },
    "/api/books/{id}": {
      "get": {
        "tags": [
          "book-controller"
        ],
        "operationId": "getBook",
        "parameters": [
          {
            "name": "id",
            "in": "path",
            "required": true,
            "schema": {
              "type": "integer",
              "format": "int32"
            }
          }
        ],
        "responses": {
          "200": {
            "description": "OK",
            "content": {
              "*/*": {
                "schema": {
                  "type": "string"
                }
              }
            }
          }
        }
      },
      "put": {
        "tags": [
          "book-controller"
        ],
        "operationId": "updateBookAuthorGenre",
        "parameters": [
          {
            "name": "id",
            "in": "path",
            "required": true,
            "schema": {
              "type": "integer",
              "format": "int32"
            }
          }
        ],
        "requestBody": {
          "content": {
            "application/json": {
              "schema": {
                "$ref": "#/components/schemas/Book"
              }
            }
          },
          "required": true
        },
        "responses": {
          "200": {
            "description": "OK",
            "content": {
              "*/*": {
                "schema": {
                  "type": "string"
                }
              }
            }
          }
        }
      },
      "delete": {
        "tags": [
          "book-controller"
        ],
        "operationId": "deleteBook_1",
        "parameters": [
          {
            "name": "id",
            "in": "path",
            "required": true,
            "schema": {
              "type": "integer",
              "format": "int32"
            }
          }
        ],
        "responses": {
          "200": {
            "description": "OK",
            "content": {
              "*/*": {
                "schema": {
                  "type": "string"
                }
              }
            }
          }
        }
      }
    },
    "/api/authors/{id}": {
      "get": {
        "tags": [
          "author-controller"
        ],
        "operationId": "getAuthor",
        "parameters": [
          {
            "name": "id",
            "in": "path",
            "required": true,
            "schema": {
              "type": "integer",
              "format": "int32"
            }
          }
        ],
        "responses": {
          "200": {
            "description": "OK",
            "content": {
              "*/*": {
                "schema": {
                  "type": "object"
                }
              }
            }
          }
        }
      },
      "put": {
        "tags": [
          "author-controller"
        ],
        "operationId": "updateAuthorBook",
        "parameters": [
          {
            "name": "id",
            "in": "path",
            "required": true,
            "schema": {
              "type": "integer",
              "format": "int32"
            }
          }
        ],
        "requestBody": {
          "content": {
            "application/json": {
              "schema": {
                "$ref": "#/components/schemas/Author"
              }
            }
          },
          "required": true
        },
        "responses": {
          "200": {
            "description": "OK",
            "content": {
              "*/*": {
                "schema": {
                  "type": "object"
                }
              }
            }
          }
        }
      },
      "delete": {
        "tags": [
          "author-controller"
        ],
        "operationId": "deleteAuthor",
        "parameters": [
          {
            "name": "id",
            "in": "path",
            "required": true,
            "schema": {
              "type": "integer",
              "format": "int32"
            }
          }
        ],
        "responses": {
          "200": {
            "description": "OK",
            "content": {
              "*/*": {
                "schema": {
                  "type": "object"
                }
              }
            }
          }
        }
      }
    },
    "/api/library-branches": {
      "get": {
        "tags": [
          "library-branches-controller"
        ],
        "operationId": "getAllBranches",
        "responses": {
          "200": {
            "description": "OK",
            "content": {
              "*/*": {
                "schema": {
                  "type": "string"
                }
              }
            }
          }
        }
      },
      "post": {
        "tags": [
          "library-branches-controller"
        ],
        "operationId": "saveBranch",
        "requestBody": {
          "content": {
            "application/json": {
              "schema": {
                "$ref": "#/components/schemas/LibraryBranch"
              }
            }
          },
          "required": true
        },
        "responses": {
          "200": {
            "description": "OK",
            "content": {
              "*/*": {
                "schema": {
                  "type": "string"
                }
              }
            }
          }
        }
      }
    },
    "/api/library-branches/book/{id}": {
      "post": {
        "tags": [
          "library-branches-controller"
        ],
        "operationId": "saveBranchBook",
        "parameters": [
          {
            "name": "id",
            "in": "path",
            "required": true,
            "schema": {
              "type": "integer",
              "format": "int32"
            }
          }
        ],
        "requestBody": {
          "content": {
            "application/json": {
              "schema": {
                "$ref": "#/components/schemas/Book"
              }
            }
          },
          "required": true
        },
        "responses": {
          "200": {
            "description": "OK",
            "content": {
              "*/*": {
                "schema": {
                  "type": "string"
                }
              }
            }
          }
        }
      }
    },
    "/api/genres/genre": {
      "post": {
        "tags": [
          "genre-controller"
        ],
        "operationId": "saveBook",
        "requestBody": {
          "content": {
            "application/json": {
              "schema": {
                "$ref": "#/components/schemas/Genre"
              }
            }
          },
          "required": true
        },
        "responses": {
          "200": {
            "description": "OK",
            "content": {
              "*/*": {
                "schema": {
                  "type": "string"
                }
              }
            }
          }
        }
      }
    },
    "/api/genres/book/{id}": {
      "post": {
        "tags": [
          "genre-controller"
        ],
        "operationId": "saveGenreBook",
        "parameters": [
          {
            "name": "id",
            "in": "path",
            "required": true,
            "schema": {
              "type": "integer",
              "format": "int32"
            }
          }
        ],
        "requestBody": {
          "content": {
            "application/json": {
              "schema": {
                "$ref": "#/components/schemas/Book"
              }
            }
          },
          "required": true
        },
        "responses": {
          "200": {
            "description": "OK",
            "content": {
              "*/*": {
                "schema": {
                  "type": "string"
                }
              }
            }
          }
        }
      }
    },
    "/api/borrowers": {
      "get": {
        "tags": [
          "borrower-controller"
        ],
        "operationId": "getAllBorrowers",
        "responses": {
          "200": {
            "description": "OK",
            "content": {
              "*/*": {
                "schema": {
                  "type": "string"
                }
              }
            }
          }
        }
      },
      "post": {
        "tags": [
          "borrower-controller"
        ],
        "operationId": "saveBorrower",
        "requestBody": {
          "content": {
            "application/json": {
              "schema": {
                "$ref": "#/components/schemas/Borrower"
              }
            }
          },
          "required": true
        },
        "responses": {
          "200": {
            "description": "OK",
            "content": {
              "*/*": {
                "schema": {
                  "type": "string"
                }
              }
            }
          }
        }
      }
    },
    "/api/borrowers/book/{id}": {
      "post": {
        "tags": [
          "borrower-controller"
        ],
        "operationId": "saveBookBranch",
        "parameters": [
          {
            "name": "id",
            "in": "path",
            "required": true,
            "schema": {
              "type": "integer",
              "format": "int32"
            }
          }
        ],
        "requestBody": {
          "content": {
            "application/json": {
              "schema": {
                "$ref": "#/components/schemas/Book"
              }
            }
          },
          "required": true
        },
        "responses": {
          "200": {
            "description": "OK",
            "content": {
              "*/*": {
                "schema": {
                  "type": "string"
                }
              }
            }
          }
        }
      }
    },
    "/api/books": {
      "get": {
        "tags": [
          "book-controller"
        ],
        "operationId": "getAllBooks",
        "responses": {
          "200": {
            "description": "OK",
            "content": {
              "*/*": {
                "schema": {
                  "type": "string"
                }
              }
            }
          }
        }
      },
      "post": {
        "tags": [
          "book-controller"
        ],
        "operationId": "saveBook_1",
        "requestBody": {
          "content": {
            "application/json": {
              "schema": {
                "$ref": "#/components/schemas/Book"
              }
            }
          },
          "required": true
        },
        "responses": {
          "200": {
            "description": "OK",
            "content": {
              "*/*": {
                "schema": {
                  "type": "string"
                }
              }
            }
          }
        }
      }
    },
    "/api/books/genre/{id}": {
      "get": {
        "tags": [
          "book-controller"
        ],
        "operationId": "getBookByGenre",
        "parameters": [
          {
            "name": "id",
            "in": "path",
            "required": true,
            "schema": {
              "type": "integer",
              "format": "int32"
            }
          }
        ],
        "responses": {
          "200": {
            "description": "OK",
            "content": {
              "*/*": {
                "schema": {
                  "type": "string"
                }
              }
            }
          }
        }
      },
      "post": {
        "tags": [
          "book-controller"
        ],
        "operationId": "saveBookAuthor",
        "parameters": [
          {
            "name": "id",
            "in": "path",
            "required": true,
            "schema": {
              "type": "integer",
              "format": "int32"
            }
          }
        ],
        "requestBody": {
          "content": {
            "application/json": {
              "schema": {
                "$ref": "#/components/schemas/Genre"
              }
            }
          },
          "required": true
        },
        "responses": {
          "200": {
            "description": "OK",
            "content": {
              "*/*": {
                "schema": {
                  "type": "string"
                }
              }
            }
          }
        }
      }
    },
    "/api/books/author/{id}": {
      "get": {
        "tags": [
          "book-controller"
        ],
        "operationId": "getBookByAuthor",
        "parameters": [
          {
            "name": "id",
            "in": "path",
            "required": true,
            "schema": {
              "type": "integer",
              "format": "int32"
            }
          }
        ],
        "responses": {
          "200": {
            "description": "OK",
            "content": {
              "*/*": {
                "schema": {
                  "type": "array",
                  "items": {
                    "$ref": "#/components/schemas/Book"
                  }
                }
              }
            }
          }
        }
      },
      "post": {
        "tags": [
          "book-controller"
        ],
        "operationId": "saveBookAuthor_1",
        "parameters": [
          {
            "name": "id",
            "in": "path",
            "required": true,
            "schema": {
              "type": "integer",
              "format": "int32"
            }
          }
        ],
        "requestBody": {
          "content": {
            "application/json": {
              "schema": {
                "$ref": "#/components/schemas/Author"
              }
            }
          },
          "required": true
        },
        "responses": {
          "200": {
            "description": "OK",
            "content": {
              "*/*": {
                "schema": {
                  "type": "string"
                }
              }
            }
          }
        }
      }
    },
    "/api/authors": {
      "get": {
        "tags": [
          "author-controller"
        ],
        "operationId": "getAllAuthors",
        "responses": {
          "200": {
            "description": "OK",
            "content": {
              "*/*": {
                "schema": {
                  "type": "object"
                }
              }
            }
          }
        }
      },
      "post": {
        "tags": [
          "author-controller"
        ],
        "operationId": "saveAuthor",
        "requestBody": {
          "content": {
            "application/json": {
              "schema": {
                "$ref": "#/components/schemas/Author"
              }
            }
          },
          "required": true
        },
        "responses": {
          "200": {
            "description": "OK",
            "content": {
              "*/*": {
                "schema": {
                  "type": "object"
                }
              }
            }
          }
        }
      }
    },
    "/api/authors/book/{id}/": {
      "post": {
        "tags": [
          "author-controller"
        ],
        "operationId": "saveAuthorBook",
        "parameters": [
          {
            "name": "id",
            "in": "path",
            "required": true,
            "schema": {
              "type": "integer",
              "format": "int32"
            }
          }
        ],
        "requestBody": {
          "content": {
            "application/json": {
              "schema": {
                "$ref": "#/components/schemas/Book"
              }
            }
          },
          "required": true
        },
        "responses": {
          "200": {
            "description": "OK",
            "content": {
              "*/*": {
                "schema": {
                  "$ref": "#/components/schemas/Book"
                }
              }
            }
          }
        }
      }
    },
    "/api/genres": {
      "get": {
        "tags": [
          "genre-controller"
        ],
        "operationId": "getAllGenres",
        "responses": {
          "200": {
            "description": "OK",
            "content": {
              "*/*": {
                "schema": {
                  "type": "string"
                }
              }
            }
          }
        }
      }
    },
    "/api/books/library-branch/{id}": {
      "get": {
        "tags": [
          "book-controller"
        ],
        "operationId": "getBookByLibrary",
        "parameters": [
          {
            "name": "id",
            "in": "path",
            "required": true,
            "schema": {
              "type": "integer",
              "format": "int32"
            }
          }
        ],
        "responses": {
          "200": {
            "description": "OK",
            "content": {
              "*/*": {
                "schema": {
                  "type": "array",
                  "items": {
                    "$ref": "#/components/schemas/Book"
                  }
                }
              }
            }
          }
        }
      }
    },
    "/api/books/borrower/{id}": {
      "get": {
        "tags": [
          "book-controller"
        ],
        "operationId": "getBookByBorrower",
        "parameters": [
          {
            "name": "id",
            "in": "path",
            "required": true,
            "schema": {
              "type": "integer",
              "format": "int32"
            }
          }
        ],
        "responses": {
          "200": {
            "description": "OK",
            "content": {
              "*/*": {
                "schema": {
                  "type": "array",
                  "items": {
                    "$ref": "#/components/schemas/Book"
                  }
                }
              }
            }
          }
        }
      }
    }
  },
  "components": {
    "schemas": {
      "Author": {
        "type": "object",
        "properties": {
          "id": {
            "type": "integer",
            "format": "int32"
          },
          "author_name": {
            "type": "string"
          },
          "books": {
            "type": "array",
            "items": {
              "$ref": "#/components/schemas/Book"
            }
          }
        }
      },
      "Book": {
        "type": "object",
        "properties": {
          "id": {
            "type": "integer",
            "format": "int32"
          },
          "book_name": {
            "type": "string"
          },
          "authors": {
            "type": "array",
            "items": {
              "$ref": "#/components/schemas/Author"
            }
          },
          "genres": {
            "type": "array",
            "items": {
              "$ref": "#/components/schemas/Genre"
            }
          },
          "borrowers": {
            "type": "array",
            "items": {
              "$ref": "#/components/schemas/Borrower"
            }
          },
          "libraryBranches": {
            "type": "array",
            "items": {
              "$ref": "#/components/schemas/LibraryBranch"
            }
          }
        }
      },
      "Borrower": {
        "type": "object",
        "properties": {
          "id": {
            "type": "integer",
            "format": "int32"
          },
          "borrowerName": {
            "type": "string"
          },
          "borrowerEmail": {
            "type": "string"
          },
          "borrowerDOB": {
            "type": "string"
          },
          "borrowerPhone": {
            "type": "string"
          },
          "books": {
            "type": "array",
            "items": {
              "$ref": "#/components/schemas/Book"
            }
          }
        }
      },
      "Genre": {
        "type": "object",
        "properties": {
          "id": {
            "type": "integer",
            "format": "int32"
          },
          "genre_name": {
            "type": "string"
          },
          "books": {
            "type": "array",
            "items": {
              "$ref": "#/components/schemas/Book"
            }
          }
        }
      },
      "LibraryBranch": {
        "type": "object",
        "properties": {
          "id": {
            "type": "integer",
            "format": "int32"
          },
          "libraryBranchName": {
            "type": "string"
          },
          "libraryBranchLocation": {
            "type": "string"
          },
          "workingHours": {
            "type": "string"
          },
          "books": {
            "type": "array",
            "items": {
              "$ref": "#/components/schemas/Book"
            }
          }
        }
      }
    }
  }
}